sequence,label
ACCAACAUGUAAUUUCCACUCUUGA,-1.7812239923226838
UGGUAAAAUCUAGGGUUUUUUAUAA,-0.275642799200671
CAAAAAGUAGACGCAACAUGAAAAA,-1.1482258696972798
UGGCCUCGUGGAUAGGACAUUUGGA,-1.163470221256106
UAAUCGGUUCUAAAUACGAUUAGUG,0.629766441913879
UAAAGAAGAGGUUGAUGAGAAACCG,-0.0566107803048019
AAGCGGUGAAUAACACACAGUAAAG,0.4379278257655004
AUCUCUCUAGUACAGAUUGUCAAUA,0.6259435716867096
AGACAGCUAAAACCCUACAAAAUAA,0.4289960198091346
CCUUCGACGACCCACGUCCGCCUUA,0.0669630515711629
CGUUGAUCAUGGAUACUUUUUUACA,-1.4310155058894878
GUACGCAAACCAUCUCUCGAUUUCU,0.3852448242284625
GUUACCCCCUACUCCAGCUCAUACU,0.1064178675873167
UCCAAUCUUUUGCACCACCCCUAGG,0.1675831224155592
CUCCCUCAACAGGUGCCUCACGCUG,0.4482936797119086
AGUAAUGAGUUUCGGCAUUUCAAAG,0.4487089779004714
AGGAUUGUGUCGCCAGUUCCACUGA,0.2266517419179321
UAAUAUCAUAUAGUUCUUCUCCCCU,0.0910128870657181
UAGAAUCGGAAGGAAUAGGAUUCUA,0.6830431344740635
GAUGCUUGCACUCGAGGUCCGUGCA,0.7779586432740309
GACACCACGUAAAAUCCUAAUCAAA,0.7227716269767893
UCUAUGACUCGUUCGCGUAGAAUCA,-0.9032312196091278
CAAAAUGAUAAGAUGGACCAAAGAU,0.0447788302836263
UGCAUGAUCUGUAGCAUUUGCUGCU,-0.2827116234508076
GCAUGACCAGCCUGUUUAGAUAGAA,-0.8848997916225679
AGAAAGAUAACAAACCACCCGUAUG,0.5311009416510439
GACCCCUUUACGCAACCUAUUGAAC,0.7381938795002485
GCCCCUACACUCUGUUUUUUGAUCC,0.4626627635505125
GGAUAAAUAAAUCUGAGAUCAGAAA,0.5764032765766933
CCCUGUUGCCAGCCGCAUAAUCAUC,0.5072462083719866
GCAGCACGCUUACAGUCCCUCAGAC,0.5885318168197583
CUUUUUCCUUACUCGUGAUACUAUC,0.3549980256557335
GUAAACCCAGAUCUAGUUUGACUGU,0.4340458948389251
CACGCUGCACACCGAACAGCCCAAA,-0.0060640299062117
ACUCCGACACCAUCUUCAUUACAAU,0.40927053992064
UACAUGGAACUGUCCCUUCUUACCG,-0.8422048835483932
GACCCUCCUAUUAUCAACCAAGAUA,0.2085787716855296
AGAGUGAGAGCGCGACAAAUCACUG,0.677525749419415
CCGAUUGGCGCCCUUUGGCCGGGAG,0.0662045936850974
GAGAUGAGAAGUCGUGCGAAAUAAC,-1.5323635165013456
GUCCUCGCGACAACUGUCCCAAACC,0.2904891214718897
UUCUGAUCGGUGUUCCUCCGUUCUG,0.4886688832278358
UCUAGUCGUUUCUAGCAUAGACUAUA,0.6682424782790564
GCAAUGCAUCCAUUCCAAUGCCUACU,-1.1913139865591946
ACCUUGCCGCAUCCCACUUGCCUGCA,0.458991405155542
CAAACUGGGCCCAUUUCUAUACCAAU,0.1781652824101883
ACGAGAGUAACAGAUCCAACCUAAA,0.6019488593566376
CCUACGCGGGAUGCUCUUUUUUAUAG,-1.1687525556467426
GAUCCAGGAGACAGAAACCAUCUACC,0.4738692979644047
UCGCAAAGAAGAACCUAUUUUAAGA,0.7018982636372705
UAUAAUUACGCUUUUCCGUGUAUGG,-0.3720488657064282
UCAAUUACAGCUCGACUUCCAUGAUC,0.2754572607942968
AAGCCGUUCUUUAAAUCCACACAUUU,0.2832481855967742
AGUCCAUCCUCGCGGCCUCACACCA,-0.1678433893986053
AGUCCCGUCCUACACGCUCGGUCCG,0.3135193265556327
CCCCAUAUCCGAUUAUCUGCUGGAC,0.5673113165112577
CGUAGUGGCGCAGGACCGUCAAUUA,0.3736517875688682
CUCUGCUAUGCCCCACCACUCAACA,0.5126163959293235
AUCCACCAAUCCCUACAUUCAUCUUC,0.5112259267226038
GAGAGUGUCGCCGAAGCACAAGCCGA,0.4693891586433297
CCUGUCGAUCUAGGUCCUAUUGUCCG,0.6496399244427643
AUUUCUAACUUCUUCUGGCAACGACA,0.5061690522661538
AUAUACGGCAACACGCCCGAACCAGA,0.2119265981391584
CCUCGUUAAUCCUUCCCUUGUCUCCC,0.1640642263497583
UCCCCGCCACGCCCGGUAUCCGACUA,-0.0315210929562356
GAAACUCGUGUUUAUUCUCGUCGAU,0.7040646602119047
AAGAAAACAUACAAGUCUGUUCACU,0.6293633976161706
GUGUGGAGGUCAACCUCCAAGCCCAC,-0.5504304789373777
UCGGCUUUAACCAAACCACAAUCAG,0.3818841920070303
ACCCUCCCAGUGCUCUUAUGUUAUU,-0.1496884181649769
CAUUCUUACCUCUCAACAAUACACCU,0.3496329069998802
CACCCCCAACACCGGCGAUUAGCAUG,0.5411991485670729
UUCCAAACCGAUACCUCCCCGGAUG,0.3714385728365973
GCAAAGUUCCCCUUUGAACUUCUAC,0.397569455186459
CAUUGACUAUAAUAUCACUCAACAAU,0.5490596571357386
UUGCUCGAUCGCCAUUUCACGAUAGU,0.5646800416746424
UUUCUUCUUGUUUUCUUUCUUCAUG,0.6370178267989367
GGAUUUUUCGAACUGACUUUCCGGG,0.4679544734737197
CGUGCGCAUCCCGUACACUCCCCGAC,0.3496083508849405
CAACCCUAAUCUCGGGAAUGAAUCUG,0.6574887681292522
ACUGGGUUUAUCCGUGAUCUAUGCGA,0.6696834945263588
CCACCUCACCACCCCCUGCCCCCAC,-0.4811412481612931
ACAUAGCACUAGCGCCUAGAAGUUG,0.2795358786391212
GACCGAAGCCUUGAAAGUGAGUGUA,0.4427175307386513
CUUCCCUCCCCUCUUCACUAACAAU,0.2371827784815951
UGCCCUAGCCCUCCUCCACCCUCUGC,-0.3611434365777892
ACGACAAAACGGGCACAAACUCAAU,0.1956733177076817
UUUAUCGGUGAAACUCGCAGUCGUAC,0.4847932263457408
GCCCUCCGCUCUCCGCAACAAAUAUA,0.0858699737613736
UCUACCCACCUCCGCGAUAAGCUGC,0.3674223284360735
GUCUGAAGUCCCAUAUAGCUUUCUUU,0.3667980733224104
ACGAACUUGCGUAGAGAGCACCGAA,0.5153298130846772
UGCCUCCAUUCCGAUCCUUGAACGG,-0.8497363381667955
AGUAAUUAGGUGUAAAGCUACUAGA,0.6117461937691092
AAACCUUCCUUAGCCCGGAAAGAACG,0.0665333942068895
GUGAACUCUGCAUCACACCGUCCUA,0.3050456978240335
UAGAACUUUCGAGCAAUUCUAUAAUC,0.5893720059781041
AACAAAGAGCUUACAAAAAACUAAA,0.5401986956385662
CACUCCCGACAAGAGAGCUCCGAUC,0.4044484476094317
